INSERT INTO public.payment_method (id, name) VALUES
(1, 'CREDIT_CARD'),
(2, 'DEBIT_CARD'),
(3, 'BANK_TRANSFER'),
(4, 'BANK_SLIP'),
(5, 'CASH'),
(6, 'PIX'),
(7, 'OTHER'),
(8, 'CRIPTO');

INSERT INTO public.transaction_category (id, name) VALUES
(1, 'HOUSING'),
(2, 'TRANSPORTATION'),
(3, 'FOOD'),
(4, 'ENTERTAINMENT'),
(5, 'HEALTH'),
(6, 'UTILITY'),
(7, 'SALARY'),
(8, 'EDUCATION'),
(9, 'OTHER');

INSERT INTO public.reportai (id, created_at, referent_month, report, user_id) VALUES
(33, '2025-03-01 23:56:06.048423+00', '2025-02-01 23:56:06.043548+00', 30397, 'google-oauth2|107023432690562050443');

INSERT INTO public.transaction (amount, category_id, created_at, date_transaction, payment_method_id, updated_at, name, type, user_id) VALUES
(950.75, 5, '2025-02-28 00:51:27.261+00', '2025-02-27 03:00:00+00',4, '2025-01-28 00:58:42.909+00', 'Dentista', 'EXPENSE', 'google-oauth2|107023432690562050443'),
(150.75, 3, '2025-02-28 00:51:18.889+00', '2025-02-03 03:00:00+00',5, '2025-01-30 22:54:49.032+00', 'Pedido de comida online', 'EXPENSE', 'google-oauth2|107023432690562050443'),
(200.00, 1, '2025-02-28 00:52:07.885+00', '2024-12-07 03:00:00+00',3, '2025-01-28 00:54:59.804+00', 'Pagamento de conta de gás', 'EXPENSE', 'google-oauth2|107023432690562050443'),
(250.00, 3, '2025-02-18 14:58:54.219+00', '2025-02-18 03:00:00+00',1, '2025-02-18 14:58:54.219+00', 'Supermercado', 'EXPENSE', 'google-oauth2|107023432690562050443'),
(150.75, 3, '2025-02-28 00:51:52.71+00', '2024-12-03 03:00:00+00',1, '2025-01-28 00:55:08.836+00', 'Pedido de comida online', 'EXPENSE', 'google-oauth2|107023432690562050443'),
(250.00, 3, '2025-02-28 00:51:11.793+00', '2024-12-03 03:00:00+00',6, '2025-01-28 00:55:24.632+00', 'Compra de supermercado', 'EXPENSE', 'google-oauth2|107023432690562050443'),
(812.51, 1, '2025-02-28 00:50:55.433+00', '2024-03-29 03:00:00+00',4, '2025-01-28 00:57:00.393+00', 'Pagamento de conta de internet', 'EXPENSE', 'google-oauth2|107023432690562050443'),
(250.00, 2, '2025-02-28 00:51:42.711+00', '2024-12-04 03:00:00+00',2, '2025-01-28 00:59:45.572+00', 'Gasolina', 'EXPENSE', 'google-oauth2|107023432690562050443'),
(250.00, 2, '2025-02-28 00:51:35.746+00', '2024-12-04 03:00:00+00',3, '2025-01-28 01:00:13.767+00', 'IPVA', 'EXPENSE', 'google-oauth2|107023432690562050443'),
(5500.00, 7, '2025-02-28 00:52:00.503+00', '2024-12-07 03:00:00+00',3, '2025-01-28 01:00:48.15+00', 'Pagamento de freelance', 'DEPOSIT', 'google-oauth2|107023432690562050443'),
(856.62, 6, '2025-02-28 00:51:03.03+00', '2024-08-07 03:00:00+00',3, '2025-01-28 01:02:38.024+00', 'Compra de ações', 'INVESTMENT', 'google-oauth2|107023432690562050443'),
(363.05, 6, '2025-02-28 00:50:47.171+00', '2024-08-20 03:00:00+00',6, '2025-02-05 20:07:54.666+00', 'Crompra  de Cripto', 'INVESTMENT', 'google-oauth2|107023432690562050443'),
(150.00, 2, '2025-02-28 00:52:15.435+00', '2025-02-22 03:00:00+00',2, '2025-01-28 00:52:15.435+00', 'Estacionamento', 'EXPENSE', 'google-oauth2|107023432690562050443'),
(50.00, 2, '2025-05-30 01:28:44.205257+00', '2025-05-29 03:00:00+00',1, '2025-05-30 01:28:44.205328+00', 'teste', 'EXPENSE', 'google-oauth2|107023432690562050443');